Name,Email,Phone,Address,City,State,ZipCode,BirthDate,SSN
Rodney Martinez,rodney.martinez21@outlook.com,001-880-526-9432x88215,"61777 Luis Plains, Sanchezfurt, VA 95120",East Rachel,Nebraska,74241,1969-02-04,275-02-8229
Ryan Brown,ryan.brown59@yahoo.com,897.411.4711x84281,"0097 Morgan Terrace Apt. 337, North Catherine, OR 52643",North Williamville,Oklahoma,93088,1972-02-25,570-35-3072
Andrew Browning,andrew.browning12@icloud.com,548-559-1334x8779,"4629 Mark Underpass Suite 074, East Cherylberg, AL 55730",New Jennifer,Mississippi,93658,1994-12-01,290-29-0933
Stephen Nelson,stephen.nelson23@gmail.com,001-638-446-1415x554,"617 Joyce Motorway, Youngshire, DE 28957",West Josephbury,Wyoming,41576,1959-12-08,782-99-8828
Amy Smith,amy.smith88@gmail.com,310.212.1890,"Unit 1036 Box 3593, DPO AE 08444",Lake Michael,Arizona,23529,1972-04-21,507-37-2715
Kevin Martinez,kevin.martinez56@outlook.com,7444341114,"16444 Chambers Gateway Suite 582, New Jasmineburgh, NM 06162",New Brianborough,West Virginia,23603,1999-05-12,579-72-1879
Jeanette Russell,jeanette.russell68@icloud.com,262.646.3972,"60183 Maddox Passage Suite 862, East Amberfort, TX 75678",Jerryton,Virginia,57628,1962-04-04,015-64-3976
Alexis Whitney,alexis.whitney96@gmail.com,001-469-932-9576x302,"70894 Kevin Island Suite 135, Nguyenbury, TN 29138",Millerbury,Louisiana,36518,1973-07-18,859-25-7763
Andrea Rodriguez,andrea.rodriguez60@gmail.com,575.895.2642,"PSC 1454, Box 4050, APO AP 78978",Thomasfurt,Georgia,76762,1963-07-28,510-06-2597
Erin Roberts,erin.roberts54@icloud.com,265-864-3225x2587,"Unit 0376 Box 8032, DPO AE 27874",Timothyview,Alabama,67695,1970-03-05,430-54-3240
Melissa Hinton,melissa.hinton15@yahoo.com,(358)370-8106,"16815 Collins Underpass Apt. 211, Pereztown, PR 42760",Lake Thomasville,Delaware,26989,1985-07-24,285-39-3240
Aaron Chavez,aaron.chavez23@yahoo.com,(626)855-8641,"PSC 8258, Box 6739, APO AP 05508",New Kimberly,North Carolina,92082,1983-12-25,525-17-2325
Angela Morrow,angela.morrow21@outlook.com,889.464.6143,"39085 Hansen Junctions Suite 624, East Hunterland, GU 20049",Richardburgh,Hawaii,06742,1950-12-18,115-09-2970
Wendy Rodgers,wendy.rodgers20@gmail.com,(356)593-7860x695,"9957 Allen Brooks, Coreystad, WA 54475",Lake Stephen,Pennsylvania,95916,1966-08-09,318-72-9636
Carolyn Wood,carolyn.wood79@outlook.com,538.259.5226,"501 Lawson Route, Lake Megan, MN 29728",Smithshire,Maine,05585,1968-07-13,179-48-7137
Ethan Osborn,ethan.osborn30@icloud.com,001-686-772-5478x24979,"95929 Kaiser Port Apt. 038, West Rebeccafort, AR 76819",Loveside,Louisiana,61986,1954-07-21,253-53-4021
Carol Mccormick,carol.mccormick32@yahoo.com,001-707-890-3806x8370,"3344 Andrews Rapid Suite 398, South Michaelside, LA 70259",East Amy,Illinois,94475,1999-04-21,644-71-1808
Corey Garcia,corey.garcia15@outlook.com,239.605.7721x80526,"428 Jones Hills Suite 899, Port James, MD 06154",Paulview,Colorado,73319,1999-02-27,538-46-5684
Michael Williamson,michael.williamson25@icloud.com,(729)857-9148,"99835 Morris Island Suite 134, Lake Crystalport, IN 80695",Gomezhaven,Colorado,75019,1995-01-05,604-49-7145
Charles Lopez,charles.lopez66@icloud.com,+1-508-807-6906x77453,"44095 White Centers, Doyleside, WV 74605",Burkechester,Colorado,58193,1997-06-19,576-47-0672
Scott Powell,scott.powell47@icloud.com,001-245-965-8615,"USS Figueroa, FPO AP 93413",Leonardhaven,Ohio,32018,1980-01-16,145-72-6278
Terri Moore,terri.moore97@yahoo.com,+1-851-508-7665x0745,"8686 James Mountains, Bakermouth, MD 09841",Lake Kennethchester,California,34132,1998-04-27,719-85-7522
Melissa Smith,melissa.smith92@gmail.com,6812055912,"447 Kyle Junction, Kellyburgh, KS 00778",Butlerstad,South Carolina,45288,1998-11-10,493-27-7855
Audrey Jackson,audrey.jackson12@outlook.com,676.569.0069x509,"01644 Stacy Cliff, Port Brian, WY 13574",Hessstad,Wyoming,24619,1971-09-16,895-83-9027
Patrick Ruiz,patrick.ruiz12@gmail.com,5218609742,"902 Maynard Passage, Port Lynn, AK 46719",Davisside,Iowa,61078,1990-05-13,028-29-3385
Jonathan Roman,jonathan.roman40@gmail.com,938-635-6024x960,"31621 Nelson Points Suite 053, South Daniel, OK 97333",Jamesborough,Utah,73437,2007-02-26,429-01-4323
Nicole Stevenson,nicole.stevenson62@icloud.com,(226)889-6546x6258,"637 Jeffrey Spurs Suite 134, North Patriciashire, AS 51920",Stewartfurt,Illinois,85946,1997-05-31,603-61-5385
Lori Eaton,lori.eaton49@outlook.com,(435)555-9362,"09303 Jared Crest, Sullivanland, LA 96072",Lake Cindy,Tennessee,67758,1963-10-12,531-51-9912
Christopher Lee,christopher.lee96@gmail.com,582.504.0450,"7882 Logan Center, South Rebeccastad, GU 14673",Bartonmouth,South Dakota,95661,1954-06-25,320-51-8705
Jeffery Neal,jeffery.neal76@gmail.com,+1-629-762-8446,"8040 Jones Spurs, East Briannaton, DC 10685",West Dale,Minnesota,21755,1951-08-14,866-38-2302
Joshua Gutierrez,joshua.gutierrez49@yahoo.com,001-698-305-3101x167,"906 Franco Lakes Suite 975, Smithberg, MO 65922",East Jason,Wyoming,11466,1998-07-15,437-26-8610
Benjamin Meyer,benjamin.meyer44@icloud.com,4877876520,"511 Margaret Summit, Jessicafort, FM 39063",South Codyborough,Indiana,38196,1985-06-03,123-79-0692
Anthony Porter,anthony.porter91@outlook.com,989-855-7698x211,"3970 Jeremy Rapid, Johntown, RI 78733",Briannamouth,Tennessee,05668,2007-05-02,131-51-3838
Michael Vaughan,michael.vaughan49@yahoo.com,+1-766-547-4867x2903,"27206 Melinda Mill, South Jeannemouth, MO 44161",Justinhaven,Wyoming,93978,2005-09-10,262-60-4581
James Bender,james.bender65@outlook.com,790.441.4906,"98252 Henderson Wall Apt. 982, Amandaborough, AR 18540",Katherineberg,Mississippi,56549,1972-07-21,892-11-9874
Amy Williams,amy.williams32@icloud.com,366.824.0843,"62552 Lisa Viaduct, Stevenborough, AR 02617",New Brandonberg,Virginia,43053,2002-11-11,718-31-1122
Jose Shaw,jose.shaw32@gmail.com,661-351-0812,"8509 Jonathan Turnpike Apt. 201, Allenbury, MH 32984",New Lauraville,Rhode Island,22441,2004-07-18,056-92-6223
Margaret Glass,margaret.glass64@yahoo.com,+1-842-369-9688x7790,"90129 Garcia Green Apt. 830, Maysbury, VT 92159",Turnerview,Missouri,98633,1953-10-18,628-40-0151
Thomas Austin,thomas.austin68@outlook.com,(769)705-8723,"703 Charles Shoals Suite 548, Jacobmouth, NH 55386",Lake Barbara,Wyoming,88978,1969-01-01,544-95-1957
Gina Hamilton,gina.hamilton67@yahoo.com,4809125698,"1233 Brown Wells, Jacksonfort, AR 50507",West Nathan,Illinois,69402,1956-04-16,728-51-0812
Henry Ayala,henry.ayala11@yahoo.com,001-402-397-4073x93570,"Unit 2764 Box 4607, DPO AE 68003",Port William,Oregon,70357,1977-04-23,050-29-4636
Angela Mack,angela.mack60@gmail.com,4965827426,"2994 Jones Spur Apt. 078, New Kellyshire, CO 48720",Richardhaven,Connecticut,32050,1952-03-30,124-81-3147
Amber Mora,amber.mora67@icloud.com,+1-488-890-6015,"64579 Roberta Track, New Cheryltown, ID 24297",Atkinschester,New Mexico,58823,2002-04-06,078-69-3758
Tonya Jones,tonya.jones35@icloud.com,+1-927-327-8800x3475,"31209 Johnson Summit, East Kennethfurt, WY 58194",New Amanda,Louisiana,81349,1962-04-16,090-80-7335
Richard Jackson,richard.jackson32@icloud.com,763.864.2941x62843,"26987 Morales Flats, Rachelborough, VA 46091",New Erin,Wyoming,31485,1982-12-30,520-46-2022
Diana Hammond,diana.hammond57@yahoo.com,835.756.4525x046,"USS Lewis, FPO AP 38155",East Teresa,Georgia,38266,1990-09-17,051-81-2110
Kimberly Young,kimberly.young26@gmail.com,(298)713-9861,"PSC 3046, Box 3683, APO AP 85575",Jessicamouth,New Hampshire,24170,2001-05-06,211-32-9642
Cheyenne Hodge,cheyenne.hodge69@outlook.com,770.497.9212,"21701 Simon Corner, South Alyssafurt, PA 69316",Wilsonside,Idaho,11491,1974-09-09,888-54-1077
Stephanie Hancock,stephanie.hancock25@yahoo.com,001-464-514-8439x268,"7575 Lauren Port, North Jonathan, MO 05241",Thomasshire,Ohio,38965,1964-01-27,509-30-6080
Sheila Parker,sheila.parker17@yahoo.com,748.204.3335x48889,"1543 Juarez Parkways Suite 841, North Lance, OR 23823",Joshuastad,New Mexico,09389,1960-08-27,563-74-4201
