Company,Phone
SolarTech Unlimited,(323) 325-6491
Solar Green Construction,(213) 671-8681
Go Solar,(323) 222-1639
"Celestial Solar & Water Systems, Inc",(323) 899-4888
OC Solar,(949) 427-8817
O&M Solar Services,(424) 310-0085
solargreenconstruction,(818) 213-8113
California Solar,(310) 666-0981
Best Solar Company East Los Angeles,(323) 853-8262
Best Solar Company Commerce,(323) 853-8253
Powersun Consultants,(323) 597-3100
SoCal Solar Partners,(310) 666-6547
Moore Solar and Green Construction,(323) 221-1260
ANR Roofing & Solar,(323) 982-9505
Solar System Installation,(626) 466-1428
The Electrician / Hollywood,(323) 709-5887
NRG Solar,(818) 340-7027
Best Solar Installation,(323) 843-4991
Best Solar Installation,(323) 843-4238
Best Solar Installation,(323) 843-4268
Best Solar Installation,(323) 843-2892
Sun Starter Solar,(213) 457-3618
Absolutely Solar,(213) 488-1044
Los Angeles Solar,(213) 455-3363
Solar Dr.com USA,(213) 365-7777
Sustainability Is Designed,(855) 524-6290
Power System Panels,(866) 721-2470
LG Energy,(866) 427-7049
Energy System Installation,(800) 597-6561
Buy Solar Panel System,(866) 427-7069
